SOURCE	TARGET	seq1	seq2	mean_distance	SD_distance	median_distance	IQR_distance
C4B63_40g26	C4B63_40g26	MGSTGRKVVDEVNHWIAYIDCALSHPHPLPKGKHVFRSDLSTVPEVRDIYDCLYKLYAEESASASFREPVNALELGVFNYYEVVTEPMSLRTVLDRIAEGGHYSQATQVLADVEKIWSNCEKYNGADSALVKEAKKCQGILTRLRERLAEEQPAPNAELDKIISAFESADESVLGELEAYFRREDPSLIISNGDVDLTALRVKHLKAMKAILERAMNGGGGRG	MGSTGRKVVDEVNHWIAYIDCALSHPHPLPKGKHVFRSDLSTVPEVRDIYDCLYKLYAEESASASFREPVNALELGVFNYYEVVTEPMSLRTVLDRIAEGGHYSQATQVLADVEKIWSNCEKYNGADSALVKEAKKCQGILTRLRERLAEEQPAPNAELDKIISAFESADESVLGELEAYFRREDPSLIISNGDVDLTALRVKHLKAMKAILERAMNGGGGRG	122.43941922972003	16.11304080025924	115.97793595190373	15.110162448454815
C4B63_1g51	C4B63_40g26	MEERRQKFYPEEELVALVRSLDRPQDEGLFSMDVLVVYPHLEQEYTRVCPKRCDLATAAEKAANEAYSYDVNLTALREDIKLMVNNCYRFNGTKGPLANIAERFEAFAKEQIDAYVTKKAGGRRLSSLRLSAVTATAAETGRGKRQRVESKDTSGVHGSQKPQQHRGGDKSRSGEMDGPSATSAEIVRLVDSLNRREDQGAFAVDVVEKYPELKKSYEEVCPVKMNLTILRERAASGYYLGIPQPTTTSKNPEPQTQLKRKQLLASDASPSSVFGSTIAESLVLLRNDVELMVSNCVRFNSNVESWVELARSFQSFAHKKIDDFVIRHVPALKGTRSGVDAYVTGEKQQSQQQLLSQASKSQQLHFTSSQDDERMVTSTHSLASPSFSLPSTATATTYAMKGRATEAAGPPLRAPAVTVANYITPTIVPTALQPMFATPDALRRRLVSDHLHRETLRARLIRLSTCSHNHKGDNKNTINNGADNNKEEEEEKEEEEHSLQHTYNSAFSCRAVLCAFAASVREFYRLKRECQNFVTPFEYPRQEEQLYMDCIVLIGQQFERLFLHTLLYDKEKADFYDWNAKKAVRKIVGGSEATSLKEKDHEGFLCGFASSWLDDAHLCYLVRFLQHLPQLMGLACATTVHLTGTGSKNARPALQITEVAKGVIEKLARITEELLTFIAQYEQEAMNMESHAEIGKEIS	MGSTGRKVVDEVNHWIAYIDCALSHPHPLPKGKHVFRSDLSTVPEVRDIYDCLYKLYAEESASASFREPVNALELGVFNYYEVVTEPMSLRTVLDRIAEGGHYSQATQVLADVEKIWSNCEKYNGADSALVKEAKKCQGILTRLRERLAEEQPAPNAELDKIISAFESADESVLGELEAYFRREDPSLIISNGDVDLTALRVKHLKAMKAILERAMNGGGGRG	71.96434249222625	35.94790631419556	60.43358728286336	57.5658659086987
C4B63_2g92	C4B63_40g26	MDGSRFGTESLTPLVGDCELVLQRSTRYEPPMYLFPELLPKVPEDTAPFSVIDAVSGAVDVEASSLNIAELFHLPQMEQRDDTGGSQDGDADGTTPATNPASAAPMTTLASLLAADRLQVAGLSAEMLQRGKFSSGSIIEELIKLKDRAELNDNEAKAIMSNHFINVLAWRTLIEANNKALSDVKGENTLHGCRSFARPREAETAEVDIGALRPSDDPWGTHVDLQPGVFVSAAEQNVEKRIELIETLSALYRRPWQTLQSRGIQTEKFKPGSINETAPHVDPIKLPAAMLDPEEDLGWKQSAVEDASNNHWELRVTSSSTAASELIPVRGRFMHFGRSAGVTSAAHGTVTNVHVGLSAFTNHPEFLSPHHFSLAVLSAKPPWSASDAGAAVKHEVDGNGENGDEGQFIWLMNYGRNGVRVIGKQWALGDMVRLDPGDVLQPTDDIRIVIGGCAQKTEGESSNAKSEVLMED	MGSTGRKVVDEVNHWIAYIDCALSHPHPLPKGKHVFRSDLSTVPEVRDIYDCLYKLYAEESASASFREPVNALELGVFNYYEVVTEPMSLRTVLDRIAEGGHYSQATQVLADVEKIWSNCEKYNGADSALVKEAKKCQGILTRLRERLAEEQPAPNAELDKIISAFESADESVLGELEAYFRREDPSLIISNGDVDLTALRVKHLKAMKAILERAMNGGGGRG	68.9319947501835	17.908999392310637	66.52957730436725	31.48952260612181
C4B63_40g26	C4B63_7g80	MGSTGRKVVDEVNHWIAYIDCALSHPHPLPKGKHVFRSDLSTVPEVRDIYDCLYKLYAEESASASFREPVNALELGVFNYYEVVTEPMSLRTVLDRIAEGGHYSQATQVLADVEKIWSNCEKYNGADSALVKEAKKCQGILTRLRERLAEEQPAPNAELDKIISAFESADESVLGELEAYFRREDPSLIISNGDVDLTALRVKHLKAMKAILERAMNGGGGRG	MDLIFAEGARTPSAKPFAIPSEVKSRLRARNPVEREHVGGTEEAGKRKEGEFNGAVAARVLPGSLVKYIQRCIEYGQNSTHLEEDLQAANGLTDSTRRLAALQSALSILCHIAAMDKSYCFISSRSTAPRKQPLARTSRNRSQTTKVISDPFFSLTDIYTTVRSLKLEYEDGLKQQKSGIGKQEHMSVNSAAAAVSTIEARVDASLALLEFTVLQMLLNFDRARDISVGYVADMLRTMPQIFATEKRPLTVLQGDDGKNRERKRFRDGENVVDDVANAANSIVLKALQALKSKDCFRALSRANSGNTVRASDGSLPVSFDGMMTNALDGTYRGRGIYGALHDMKMLLYGLYATASSEQEEHITLARLQFEHSLREEYDLFLRKTGLRGEVEDPLLPERTMFDVNPLFADADSTSCTDTQLKSLKLLDLIREVDNESWFEYPVFDMANIELSSIEKWVRGSIFGMKTNREAFLALRDVLEQMVDNCVLSYGPTSPFSQVITLMRQRLVDAAREVGLL	73.47144690257305	21.329139190635566	71.2689028920465	24.634760259865267
C4B63_28g81	C4B63_40g26	MPQWHPSMRGPGTGAEAIYTSAEAAKRSLLKLQPIPSFELYKGAREEELLCYRSVCRVICMRSGGRLTKQQTRILEDLREELCIPTQRADAEMLEALEDVLVSSVAASGVLKRREDFFDGVADVPLEAIHDGERAHDDHSSLYAPPAKVPRKENATAGAAATAATTASTSWRRGVTSKNSQSLLLKTIDKIGHEVNTISGKFLSAVSVADQEAFRRELLMRRERLLLLLKEAEGNAIDVSGSSSAIPSEHGF	MGSTGRKVVDEVNHWIAYIDCALSHPHPLPKGKHVFRSDLSTVPEVRDIYDCLYKLYAEESASASFREPVNALELGVFNYYEVVTEPMSLRTVLDRIAEGGHYSQATQVLADVEKIWSNCEKYNGADSALVKEAKKCQGILTRLRERLAEEQPAPNAELDKIISAFESADESVLGELEAYFRREDPSLIISNGDVDLTALRVKHLKAMKAILERAMNGGGGRG	74.28943248937995	17.09531634056653	71.11431416079108	29.62195554641181
C4B63_10g308	C4B63_40g26	MARGRRESSAVAASSSSSKSPPGKKAGRKLPVVKSTSIAAALRQASCDSNESAVIFRGKAGVGVKGQGACTADVQSHLQGSRLRLQQSAPQISFWKGICRPTLLVQALAKTGTLVEAETALLFSNSRVRYPFSALTVERVLTAIQAIVDAAELLRTVGTDGNRAVFSNDAMCQRWRVIRKLIELAEAAVPMKVSLLTGSTTACESVTAGLPPVSLWALNGRLKCLQRLLQLRECHSRILSTLRLCKTRNEVSAALFGPSMIEAATIEPMPGMAYWHQGEQCVIKGLMAEVNDITPCSESWGPSSITPLRVASGSYVLHKHSRVETLACLLRVAEFIGLPPFLRSIRVAGGRSRVFQPQPSKMKSVDDGSLHIYKESLPFLFPSSDDLDPRHFEAPASNHAQLVQEELVKLAGQHCCFGALVGEADQVVALLHESAACLQRRKMASCDERTVAIKVEREEDDGGDRPLQRGVMDASGDDPLRAYAELLLQAAREENSKQNRVRWLCGNRWSPTMSYYALVIAAALPHKTNDVMEAEEDREARRRVDFVASYYVAAILELTRF	MGSTGRKVVDEVNHWIAYIDCALSHPHPLPKGKHVFRSDLSTVPEVRDIYDCLYKLYAEESASASFREPVNALELGVFNYYEVVTEPMSLRTVLDRIAEGGHYSQATQVLADVEKIWSNCEKYNGADSALVKEAKKCQGILTRLRERLAEEQPAPNAELDKIISAFESADESVLGELEAYFRREDPSLIISNGDVDLTALRVKHLKAMKAILERAMNGGGGRG	106.62191932209379	28.911650391641576	107.03837911115079	57.282306054579806
C4B63_1g51	C4B63_1g51	MEERRQKFYPEEELVALVRSLDRPQDEGLFSMDVLVVYPHLEQEYTRVCPKRCDLATAAEKAANEAYSYDVNLTALREDIKLMVNNCYRFNGTKGPLANIAERFEAFAKEQIDAYVTKKAGGRRLSSLRLSAVTATAAETGRGKRQRVESKDTSGVHGSQKPQQHRGGDKSRSGEMDGPSATSAEIVRLVDSLNRREDQGAFAVDVVEKYPELKKSYEEVCPVKMNLTILRERAASGYYLGIPQPTTTSKNPEPQTQLKRKQLLASDASPSSVFGSTIAESLVLLRNDVELMVSNCVRFNSNVESWVELARSFQSFAHKKIDDFVIRHVPALKGTRSGVDAYVTGEKQQSQQQLLSQASKSQQLHFTSSQDDERMVTSTHSLASPSFSLPSTATATTYAMKGRATEAAGPPLRAPAVTVANYITPTIVPTALQPMFATPDALRRRLVSDHLHRETLRARLIRLSTCSHNHKGDNKNTINNGADNNKEEEEEKEEEEHSLQHTYNSAFSCRAVLCAFAASVREFYRLKRECQNFVTPFEYPRQEEQLYMDCIVLIGQQFERLFLHTLLYDKEKADFYDWNAKKAVRKIVGGSEATSLKEKDHEGFLCGFASSWLDDAHLCYLVRFLQHLPQLMGLACATTVHLTGTGSKNARPALQITEVAKGVIEKLARITEELLTFIAQYEQEAMNMESHAEIGKEIS	MEERRQKFYPEEELVALVRSLDRPQDEGLFSMDVLVVYPHLEQEYTRVCPKRCDLATAAEKAANEAYSYDVNLTALREDIKLMVNNCYRFNGTKGPLANIAERFEAFAKEQIDAYVTKKAGGRRLSSLRLSAVTATAAETGRGKRQRVESKDTSGVHGSQKPQQHRGGDKSRSGEMDGPSATSAEIVRLVDSLNRREDQGAFAVDVVEKYPELKKSYEEVCPVKMNLTILRERAASGYYLGIPQPTTTSKNPEPQTQLKRKQLLASDASPSSVFGSTIAESLVLLRNDVELMVSNCVRFNSNVESWVELARSFQSFAHKKIDDFVIRHVPALKGTRSGVDAYVTGEKQQSQQQLLSQASKSQQLHFTSSQDDERMVTSTHSLASPSFSLPSTATATTYAMKGRATEAAGPPLRAPAVTVANYITPTIVPTALQPMFATPDALRRRLVSDHLHRETLRARLIRLSTCSHNHKGDNKNTINNGADNNKEEEEEKEEEEHSLQHTYNSAFSCRAVLCAFAASVREFYRLKRECQNFVTPFEYPRQEEQLYMDCIVLIGQQFERLFLHTLLYDKEKADFYDWNAKKAVRKIVGGSEATSLKEKDHEGFLCGFASSWLDDAHLCYLVRFLQHLPQLMGLACATTVHLTGTGSKNARPALQITEVAKGVIEKLARITEELLTFIAQYEQEAMNMESHAEIGKEIS	73.05304244363842	47.996550278233606	90.08074676963273	45.675067626122804
C4B63_1g51	C4B63_2g92	MEERRQKFYPEEELVALVRSLDRPQDEGLFSMDVLVVYPHLEQEYTRVCPKRCDLATAAEKAANEAYSYDVNLTALREDIKLMVNNCYRFNGTKGPLANIAERFEAFAKEQIDAYVTKKAGGRRLSSLRLSAVTATAAETGRGKRQRVESKDTSGVHGSQKPQQHRGGDKSRSGEMDGPSATSAEIVRLVDSLNRREDQGAFAVDVVEKYPELKKSYEEVCPVKMNLTILRERAASGYYLGIPQPTTTSKNPEPQTQLKRKQLLASDASPSSVFGSTIAESLVLLRNDVELMVSNCVRFNSNVESWVELARSFQSFAHKKIDDFVIRHVPALKGTRSGVDAYVTGEKQQSQQQLLSQASKSQQLHFTSSQDDERMVTSTHSLASPSFSLPSTATATTYAMKGRATEAAGPPLRAPAVTVANYITPTIVPTALQPMFATPDALRRRLVSDHLHRETLRARLIRLSTCSHNHKGDNKNTINNGADNNKEEEEEKEEEEHSLQHTYNSAFSCRAVLCAFAASVREFYRLKRECQNFVTPFEYPRQEEQLYMDCIVLIGQQFERLFLHTLLYDKEKADFYDWNAKKAVRKIVGGSEATSLKEKDHEGFLCGFASSWLDDAHLCYLVRFLQHLPQLMGLACATTVHLTGTGSKNARPALQITEVAKGVIEKLARITEELLTFIAQYEQEAMNMESHAEIGKEIS	MDGSRFGTESLTPLVGDCELVLQRSTRYEPPMYLFPELLPKVPEDTAPFSVIDAVSGAVDVEASSLNIAELFHLPQMEQRDDTGGSQDGDADGTTPATNPASAAPMTTLASLLAADRLQVAGLSAEMLQRGKFSSGSIIEELIKLKDRAELNDNEAKAIMSNHFINVLAWRTLIEANNKALSDVKGENTLHGCRSFARPREAETAEVDIGALRPSDDPWGTHVDLQPGVFVSAAEQNVEKRIELIETLSALYRRPWQTLQSRGIQTEKFKPGSINETAPHVDPIKLPAAMLDPEEDLGWKQSAVEDASNNHWELRVTSSSTAASELIPVRGRFMHFGRSAGVTSAAHGTVTNVHVGLSAFTNHPEFLSPHHFSLAVLSAKPPWSASDAGAAVKHEVDGNGENGDEGQFIWLMNYGRNGVRVIGKQWALGDMVRLDPGDVLQPTDDIRIVIGGCAQKTEGESSNAKSEVLMED	64.5032981513912	7.836398222005937	63.251066004923274	5.146543658161043
C4B63_1g51	C4B63_7g80	MEERRQKFYPEEELVALVRSLDRPQDEGLFSMDVLVVYPHLEQEYTRVCPKRCDLATAAEKAANEAYSYDVNLTALREDIKLMVNNCYRFNGTKGPLANIAERFEAFAKEQIDAYVTKKAGGRRLSSLRLSAVTATAAETGRGKRQRVESKDTSGVHGSQKPQQHRGGDKSRSGEMDGPSATSAEIVRLVDSLNRREDQGAFAVDVVEKYPELKKSYEEVCPVKMNLTILRERAASGYYLGIPQPTTTSKNPEPQTQLKRKQLLASDASPSSVFGSTIAESLVLLRNDVELMVSNCVRFNSNVESWVELARSFQSFAHKKIDDFVIRHVPALKGTRSGVDAYVTGEKQQSQQQLLSQASKSQQLHFTSSQDDERMVTSTHSLASPSFSLPSTATATTYAMKGRATEAAGPPLRAPAVTVANYITPTIVPTALQPMFATPDALRRRLVSDHLHRETLRARLIRLSTCSHNHKGDNKNTINNGADNNKEEEEEKEEEEHSLQHTYNSAFSCRAVLCAFAASVREFYRLKRECQNFVTPFEYPRQEEQLYMDCIVLIGQQFERLFLHTLLYDKEKADFYDWNAKKAVRKIVGGSEATSLKEKDHEGFLCGFASSWLDDAHLCYLVRFLQHLPQLMGLACATTVHLTGTGSKNARPALQITEVAKGVIEKLARITEELLTFIAQYEQEAMNMESHAEIGKEIS	MDLIFAEGARTPSAKPFAIPSEVKSRLRARNPVEREHVGGTEEAGKRKEGEFNGAVAARVLPGSLVKYIQRCIEYGQNSTHLEEDLQAANGLTDSTRRLAALQSALSILCHIAAMDKSYCFISSRSTAPRKQPLARTSRNRSQTTKVISDPFFSLTDIYTTVRSLKLEYEDGLKQQKSGIGKQEHMSVNSAAAAVSTIEARVDASLALLEFTVLQMLLNFDRARDISVGYVADMLRTMPQIFATEKRPLTVLQGDDGKNRERKRFRDGENVVDDVANAANSIVLKALQALKSKDCFRALSRANSGNTVRASDGSLPVSFDGMMTNALDGTYRGRGIYGALHDMKMLLYGLYATASSEQEEHITLARLQFEHSLREEYDLFLRKTGLRGEVEDPLLPERTMFDVNPLFADADSTSCTDTQLKSLKLLDLIREVDNESWFEYPVFDMANIELSSIEKWVRGSIFGMKTNREAFLALRDVLEQMVDNCVLSYGPTSPFSQVITLMRQRLVDAAREVGLL	57.63575288715354	24.68967453405852	53.84757513331208	33.67313511878336
C4B63_1g51	C4B63_28g81	MEERRQKFYPEEELVALVRSLDRPQDEGLFSMDVLVVYPHLEQEYTRVCPKRCDLATAAEKAANEAYSYDVNLTALREDIKLMVNNCYRFNGTKGPLANIAERFEAFAKEQIDAYVTKKAGGRRLSSLRLSAVTATAAETGRGKRQRVESKDTSGVHGSQKPQQHRGGDKSRSGEMDGPSATSAEIVRLVDSLNRREDQGAFAVDVVEKYPELKKSYEEVCPVKMNLTILRERAASGYYLGIPQPTTTSKNPEPQTQLKRKQLLASDASPSSVFGSTIAESLVLLRNDVELMVSNCVRFNSNVESWVELARSFQSFAHKKIDDFVIRHVPALKGTRSGVDAYVTGEKQQSQQQLLSQASKSQQLHFTSSQDDERMVTSTHSLASPSFSLPSTATATTYAMKGRATEAAGPPLRAPAVTVANYITPTIVPTALQPMFATPDALRRRLVSDHLHRETLRARLIRLSTCSHNHKGDNKNTINNGADNNKEEEEEKEEEEHSLQHTYNSAFSCRAVLCAFAASVREFYRLKRECQNFVTPFEYPRQEEQLYMDCIVLIGQQFERLFLHTLLYDKEKADFYDWNAKKAVRKIVGGSEATSLKEKDHEGFLCGFASSWLDDAHLCYLVRFLQHLPQLMGLACATTVHLTGTGSKNARPALQITEVAKGVIEKLARITEELLTFIAQYEQEAMNMESHAEIGKEIS	MPQWHPSMRGPGTGAEAIYTSAEAAKRSLLKLQPIPSFELYKGAREEELLCYRSVCRVICMRSGGRLTKQQTRILEDLREELCIPTQRADAEMLEALEDVLVSSVAASGVLKRREDFFDGVADVPLEAIHDGERAHDDHSSLYAPPAKVPRKENATAGAAATAATTASTSWRRGVTSKNSQSLLLKTIDKIGHEVNTISGKFLSAVSVADQEAFRRELLMRRERLLLLLKEAEGNAIDVSGSSSAIPSEHGF	79.46781815132009	10.965109782072474	77.96398778440023	5.114821552155078
C4B63_10g308	C4B63_1g51	MARGRRESSAVAASSSSSKSPPGKKAGRKLPVVKSTSIAAALRQASCDSNESAVIFRGKAGVGVKGQGACTADVQSHLQGSRLRLQQSAPQISFWKGICRPTLLVQALAKTGTLVEAETALLFSNSRVRYPFSALTVERVLTAIQAIVDAAELLRTVGTDGNRAVFSNDAMCQRWRVIRKLIELAEAAVPMKVSLLTGSTTACESVTAGLPPVSLWALNGRLKCLQRLLQLRECHSRILSTLRLCKTRNEVSAALFGPSMIEAATIEPMPGMAYWHQGEQCVIKGLMAEVNDITPCSESWGPSSITPLRVASGSYVLHKHSRVETLACLLRVAEFIGLPPFLRSIRVAGGRSRVFQPQPSKMKSVDDGSLHIYKESLPFLFPSSDDLDPRHFEAPASNHAQLVQEELVKLAGQHCCFGALVGEADQVVALLHESAACLQRRKMASCDERTVAIKVEREEDDGGDRPLQRGVMDASGDDPLRAYAELLLQAAREENSKQNRVRWLCGNRWSPTMSYYALVIAAALPHKTNDVMEAEEDREARRRVDFVASYYVAAILELTRF	MEERRQKFYPEEELVALVRSLDRPQDEGLFSMDVLVVYPHLEQEYTRVCPKRCDLATAAEKAANEAYSYDVNLTALREDIKLMVNNCYRFNGTKGPLANIAERFEAFAKEQIDAYVTKKAGGRRLSSLRLSAVTATAAETGRGKRQRVESKDTSGVHGSQKPQQHRGGDKSRSGEMDGPSATSAEIVRLVDSLNRREDQGAFAVDVVEKYPELKKSYEEVCPVKMNLTILRERAASGYYLGIPQPTTTSKNPEPQTQLKRKQLLASDASPSSVFGSTIAESLVLLRNDVELMVSNCVRFNSNVESWVELARSFQSFAHKKIDDFVIRHVPALKGTRSGVDAYVTGEKQQSQQQLLSQASKSQQLHFTSSQDDERMVTSTHSLASPSFSLPSTATATTYAMKGRATEAAGPPLRAPAVTVANYITPTIVPTALQPMFATPDALRRRLVSDHLHRETLRARLIRLSTCSHNHKGDNKNTINNGADNNKEEEEEKEEEEHSLQHTYNSAFSCRAVLCAFAASVREFYRLKRECQNFVTPFEYPRQEEQLYMDCIVLIGQQFERLFLHTLLYDKEKADFYDWNAKKAVRKIVGGSEATSLKEKDHEGFLCGFASSWLDDAHLCYLVRFLQHLPQLMGLACATTVHLTGTGSKNARPALQITEVAKGVIEKLARITEELLTFIAQYEQEAMNMESHAEIGKEIS	112.20971313851089	20.62210101620308	107.06816765343942	22.382148120159073
C4B63_2g92	C4B63_2g92	MDGSRFGTESLTPLVGDCELVLQRSTRYEPPMYLFPELLPKVPEDTAPFSVIDAVSGAVDVEASSLNIAELFHLPQMEQRDDTGGSQDGDADGTTPATNPASAAPMTTLASLLAADRLQVAGLSAEMLQRGKFSSGSIIEELIKLKDRAELNDNEAKAIMSNHFINVLAWRTLIEANNKALSDVKGENTLHGCRSFARPREAETAEVDIGALRPSDDPWGTHVDLQPGVFVSAAEQNVEKRIELIETLSALYRRPWQTLQSRGIQTEKFKPGSINETAPHVDPIKLPAAMLDPEEDLGWKQSAVEDASNNHWELRVTSSSTAASELIPVRGRFMHFGRSAGVTSAAHGTVTNVHVGLSAFTNHPEFLSPHHFSLAVLSAKPPWSASDAGAAVKHEVDGNGENGDEGQFIWLMNYGRNGVRVIGKQWALGDMVRLDPGDVLQPTDDIRIVIGGCAQKTEGESSNAKSEVLMED	MDGSRFGTESLTPLVGDCELVLQRSTRYEPPMYLFPELLPKVPEDTAPFSVIDAVSGAVDVEASSLNIAELFHLPQMEQRDDTGGSQDGDADGTTPATNPASAAPMTTLASLLAADRLQVAGLSAEMLQRGKFSSGSIIEELIKLKDRAELNDNEAKAIMSNHFINVLAWRTLIEANNKALSDVKGENTLHGCRSFARPREAETAEVDIGALRPSDDPWGTHVDLQPGVFVSAAEQNVEKRIELIETLSALYRRPWQTLQSRGIQTEKFKPGSINETAPHVDPIKLPAAMLDPEEDLGWKQSAVEDASNNHWELRVTSSSTAASELIPVRGRFMHFGRSAGVTSAAHGTVTNVHVGLSAFTNHPEFLSPHHFSLAVLSAKPPWSASDAGAAVKHEVDGNGENGDEGQFIWLMNYGRNGVRVIGKQWALGDMVRLDPGDVLQPTDDIRIVIGGCAQKTEGESSNAKSEVLMED	51.87135944336714	8.518833371907181	55.88803761546846	7.776261593120637
C4B63_2g92	C4B63_7g80	MDGSRFGTESLTPLVGDCELVLQRSTRYEPPMYLFPELLPKVPEDTAPFSVIDAVSGAVDVEASSLNIAELFHLPQMEQRDDTGGSQDGDADGTTPATNPASAAPMTTLASLLAADRLQVAGLSAEMLQRGKFSSGSIIEELIKLKDRAELNDNEAKAIMSNHFINVLAWRTLIEANNKALSDVKGENTLHGCRSFARPREAETAEVDIGALRPSDDPWGTHVDLQPGVFVSAAEQNVEKRIELIETLSALYRRPWQTLQSRGIQTEKFKPGSINETAPHVDPIKLPAAMLDPEEDLGWKQSAVEDASNNHWELRVTSSSTAASELIPVRGRFMHFGRSAGVTSAAHGTVTNVHVGLSAFTNHPEFLSPHHFSLAVLSAKPPWSASDAGAAVKHEVDGNGENGDEGQFIWLMNYGRNGVRVIGKQWALGDMVRLDPGDVLQPTDDIRIVIGGCAQKTEGESSNAKSEVLMED	MDLIFAEGARTPSAKPFAIPSEVKSRLRARNPVEREHVGGTEEAGKRKEGEFNGAVAARVLPGSLVKYIQRCIEYGQNSTHLEEDLQAANGLTDSTRRLAALQSALSILCHIAAMDKSYCFISSRSTAPRKQPLARTSRNRSQTTKVISDPFFSLTDIYTTVRSLKLEYEDGLKQQKSGIGKQEHMSVNSAAAAVSTIEARVDASLALLEFTVLQMLLNFDRARDISVGYVADMLRTMPQIFATEKRPLTVLQGDDGKNRERKRFRDGENVVDDVANAANSIVLKALQALKSKDCFRALSRANSGNTVRASDGSLPVSFDGMMTNALDGTYRGRGIYGALHDMKMLLYGLYATASSEQEEHITLARLQFEHSLREEYDLFLRKTGLRGEVEDPLLPERTMFDVNPLFADADSTSCTDTQLKSLKLLDLIREVDNESWFEYPVFDMANIELSSIEKWVRGSIFGMKTNREAFLALRDVLEQMVDNCVLSYGPTSPFSQVITLMRQRLVDAAREVGLL	49.784968519591466	6.305861643645303	49.80888196484406	5.4522125033824835
C4B63_28g81	C4B63_2g92	MPQWHPSMRGPGTGAEAIYTSAEAAKRSLLKLQPIPSFELYKGAREEELLCYRSVCRVICMRSGGRLTKQQTRILEDLREELCIPTQRADAEMLEALEDVLVSSVAASGVLKRREDFFDGVADVPLEAIHDGERAHDDHSSLYAPPAKVPRKENATAGAAATAATTASTSWRRGVTSKNSQSLLLKTIDKIGHEVNTISGKFLSAVSVADQEAFRRELLMRRERLLLLLKEAEGNAIDVSGSSSAIPSEHGF	MDGSRFGTESLTPLVGDCELVLQRSTRYEPPMYLFPELLPKVPEDTAPFSVIDAVSGAVDVEASSLNIAELFHLPQMEQRDDTGGSQDGDADGTTPATNPASAAPMTTLASLLAADRLQVAGLSAEMLQRGKFSSGSIIEELIKLKDRAELNDNEAKAIMSNHFINVLAWRTLIEANNKALSDVKGENTLHGCRSFARPREAETAEVDIGALRPSDDPWGTHVDLQPGVFVSAAEQNVEKRIELIETLSALYRRPWQTLQSRGIQTEKFKPGSINETAPHVDPIKLPAAMLDPEEDLGWKQSAVEDASNNHWELRVTSSSTAASELIPVRGRFMHFGRSAGVTSAAHGTVTNVHVGLSAFTNHPEFLSPHHFSLAVLSAKPPWSASDAGAAVKHEVDGNGENGDEGQFIWLMNYGRNGVRVIGKQWALGDMVRLDPGDVLQPTDDIRIVIGGCAQKTEGESSNAKSEVLMED	40.5345244962053	6.723457494749231	41.912734091942355	8.145876746029785
C4B63_10g308	C4B63_2g92	MARGRRESSAVAASSSSSKSPPGKKAGRKLPVVKSTSIAAALRQASCDSNESAVIFRGKAGVGVKGQGACTADVQSHLQGSRLRLQQSAPQISFWKGICRPTLLVQALAKTGTLVEAETALLFSNSRVRYPFSALTVERVLTAIQAIVDAAELLRTVGTDGNRAVFSNDAMCQRWRVIRKLIELAEAAVPMKVSLLTGSTTACESVTAGLPPVSLWALNGRLKCLQRLLQLRECHSRILSTLRLCKTRNEVSAALFGPSMIEAATIEPMPGMAYWHQGEQCVIKGLMAEVNDITPCSESWGPSSITPLRVASGSYVLHKHSRVETLACLLRVAEFIGLPPFLRSIRVAGGRSRVFQPQPSKMKSVDDGSLHIYKESLPFLFPSSDDLDPRHFEAPASNHAQLVQEELVKLAGQHCCFGALVGEADQVVALLHESAACLQRRKMASCDERTVAIKVEREEDDGGDRPLQRGVMDASGDDPLRAYAELLLQAAREENSKQNRVRWLCGNRWSPTMSYYALVIAAALPHKTNDVMEAEEDREARRRVDFVASYYVAAILELTRF	MDGSRFGTESLTPLVGDCELVLQRSTRYEPPMYLFPELLPKVPEDTAPFSVIDAVSGAVDVEASSLNIAELFHLPQMEQRDDTGGSQDGDADGTTPATNPASAAPMTTLASLLAADRLQVAGLSAEMLQRGKFSSGSIIEELIKLKDRAELNDNEAKAIMSNHFINVLAWRTLIEANNKALSDVKGENTLHGCRSFARPREAETAEVDIGALRPSDDPWGTHVDLQPGVFVSAAEQNVEKRIELIETLSALYRRPWQTLQSRGIQTEKFKPGSINETAPHVDPIKLPAAMLDPEEDLGWKQSAVEDASNNHWELRVTSSSTAASELIPVRGRFMHFGRSAGVTSAAHGTVTNVHVGLSAFTNHPEFLSPHHFSLAVLSAKPPWSASDAGAAVKHEVDGNGENGDEGQFIWLMNYGRNGVRVIGKQWALGDMVRLDPGDVLQPTDDIRIVIGGCAQKTEGESSNAKSEVLMED	82.62235421052678	19.20392455822692	85.81839503831785	26.619180784670732
C4B63_7g80	C4B63_7g80	MDLIFAEGARTPSAKPFAIPSEVKSRLRARNPVEREHVGGTEEAGKRKEGEFNGAVAARVLPGSLVKYIQRCIEYGQNSTHLEEDLQAANGLTDSTRRLAALQSALSILCHIAAMDKSYCFISSRSTAPRKQPLARTSRNRSQTTKVISDPFFSLTDIYTTVRSLKLEYEDGLKQQKSGIGKQEHMSVNSAAAAVSTIEARVDASLALLEFTVLQMLLNFDRARDISVGYVADMLRTMPQIFATEKRPLTVLQGDDGKNRERKRFRDGENVVDDVANAANSIVLKALQALKSKDCFRALSRANSGNTVRASDGSLPVSFDGMMTNALDGTYRGRGIYGALHDMKMLLYGLYATASSEQEEHITLARLQFEHSLREEYDLFLRKTGLRGEVEDPLLPERTMFDVNPLFADADSTSCTDTQLKSLKLLDLIREVDNESWFEYPVFDMANIELSSIEKWVRGSIFGMKTNREAFLALRDVLEQMVDNCVLSYGPTSPFSQVITLMRQRLVDAAREVGLL	MDLIFAEGARTPSAKPFAIPSEVKSRLRARNPVEREHVGGTEEAGKRKEGEFNGAVAARVLPGSLVKYIQRCIEYGQNSTHLEEDLQAANGLTDSTRRLAALQSALSILCHIAAMDKSYCFISSRSTAPRKQPLARTSRNRSQTTKVISDPFFSLTDIYTTVRSLKLEYEDGLKQQKSGIGKQEHMSVNSAAAAVSTIEARVDASLALLEFTVLQMLLNFDRARDISVGYVADMLRTMPQIFATEKRPLTVLQGDDGKNRERKRFRDGENVVDDVANAANSIVLKALQALKSKDCFRALSRANSGNTVRASDGSLPVSFDGMMTNALDGTYRGRGIYGALHDMKMLLYGLYATASSEQEEHITLARLQFEHSLREEYDLFLRKTGLRGEVEDPLLPERTMFDVNPLFADADSTSCTDTQLKSLKLLDLIREVDNESWFEYPVFDMANIELSSIEKWVRGSIFGMKTNREAFLALRDVLEQMVDNCVLSYGPTSPFSQVITLMRQRLVDAAREVGLL	70.12325397122028	18.262575418306128	64.07066854809662	17.494179551529783
C4B63_28g81	C4B63_7g80	MPQWHPSMRGPGTGAEAIYTSAEAAKRSLLKLQPIPSFELYKGAREEELLCYRSVCRVICMRSGGRLTKQQTRILEDLREELCIPTQRADAEMLEALEDVLVSSVAASGVLKRREDFFDGVADVPLEAIHDGERAHDDHSSLYAPPAKVPRKENATAGAAATAATTASTSWRRGVTSKNSQSLLLKTIDKIGHEVNTISGKFLSAVSVADQEAFRRELLMRRERLLLLLKEAEGNAIDVSGSSSAIPSEHGF	MDLIFAEGARTPSAKPFAIPSEVKSRLRARNPVEREHVGGTEEAGKRKEGEFNGAVAARVLPGSLVKYIQRCIEYGQNSTHLEEDLQAANGLTDSTRRLAALQSALSILCHIAAMDKSYCFISSRSTAPRKQPLARTSRNRSQTTKVISDPFFSLTDIYTTVRSLKLEYEDGLKQQKSGIGKQEHMSVNSAAAAVSTIEARVDASLALLEFTVLQMLLNFDRARDISVGYVADMLRTMPQIFATEKRPLTVLQGDDGKNRERKRFRDGENVVDDVANAANSIVLKALQALKSKDCFRALSRANSGNTVRASDGSLPVSFDGMMTNALDGTYRGRGIYGALHDMKMLLYGLYATASSEQEEHITLARLQFEHSLREEYDLFLRKTGLRGEVEDPLLPERTMFDVNPLFADADSTSCTDTQLKSLKLLDLIREVDNESWFEYPVFDMANIELSSIEKWVRGSIFGMKTNREAFLALRDVLEQMVDNCVLSYGPTSPFSQVITLMRQRLVDAAREVGLL	61.385369715365215	12.817575024163668	63.63658543163816	23.81919008648194
C4B63_10g308	C4B63_7g80	MARGRRESSAVAASSSSSKSPPGKKAGRKLPVVKSTSIAAALRQASCDSNESAVIFRGKAGVGVKGQGACTADVQSHLQGSRLRLQQSAPQISFWKGICRPTLLVQALAKTGTLVEAETALLFSNSRVRYPFSALTVERVLTAIQAIVDAAELLRTVGTDGNRAVFSNDAMCQRWRVIRKLIELAEAAVPMKVSLLTGSTTACESVTAGLPPVSLWALNGRLKCLQRLLQLRECHSRILSTLRLCKTRNEVSAALFGPSMIEAATIEPMPGMAYWHQGEQCVIKGLMAEVNDITPCSESWGPSSITPLRVASGSYVLHKHSRVETLACLLRVAEFIGLPPFLRSIRVAGGRSRVFQPQPSKMKSVDDGSLHIYKESLPFLFPSSDDLDPRHFEAPASNHAQLVQEELVKLAGQHCCFGALVGEADQVVALLHESAACLQRRKMASCDERTVAIKVEREEDDGGDRPLQRGVMDASGDDPLRAYAELLLQAAREENSKQNRVRWLCGNRWSPTMSYYALVIAAALPHKTNDVMEAEEDREARRRVDFVASYYVAAILELTRF	MDLIFAEGARTPSAKPFAIPSEVKSRLRARNPVEREHVGGTEEAGKRKEGEFNGAVAARVLPGSLVKYIQRCIEYGQNSTHLEEDLQAANGLTDSTRRLAALQSALSILCHIAAMDKSYCFISSRSTAPRKQPLARTSRNRSQTTKVISDPFFSLTDIYTTVRSLKLEYEDGLKQQKSGIGKQEHMSVNSAAAAVSTIEARVDASLALLEFTVLQMLLNFDRARDISVGYVADMLRTMPQIFATEKRPLTVLQGDDGKNRERKRFRDGENVVDDVANAANSIVLKALQALKSKDCFRALSRANSGNTVRASDGSLPVSFDGMMTNALDGTYRGRGIYGALHDMKMLLYGLYATASSEQEEHITLARLQFEHSLREEYDLFLRKTGLRGEVEDPLLPERTMFDVNPLFADADSTSCTDTQLKSLKLLDLIREVDNESWFEYPVFDMANIELSSIEKWVRGSIFGMKTNREAFLALRDVLEQMVDNCVLSYGPTSPFSQVITLMRQRLVDAAREVGLL	91.22644758596176	19.99771353698698	87.014598455118	24.721287069274595
C4B63_28g81	C4B63_28g81	MPQWHPSMRGPGTGAEAIYTSAEAAKRSLLKLQPIPSFELYKGAREEELLCYRSVCRVICMRSGGRLTKQQTRILEDLREELCIPTQRADAEMLEALEDVLVSSVAASGVLKRREDFFDGVADVPLEAIHDGERAHDDHSSLYAPPAKVPRKENATAGAAATAATTASTSWRRGVTSKNSQSLLLKTIDKIGHEVNTISGKFLSAVSVADQEAFRRELLMRRERLLLLLKEAEGNAIDVSGSSSAIPSEHGF	MPQWHPSMRGPGTGAEAIYTSAEAAKRSLLKLQPIPSFELYKGAREEELLCYRSVCRVICMRSGGRLTKQQTRILEDLREELCIPTQRADAEMLEALEDVLVSSVAASGVLKRREDFFDGVADVPLEAIHDGERAHDDHSSLYAPPAKVPRKENATAGAAATAATTASTSWRRGVTSKNSQSLLLKTIDKIGHEVNTISGKFLSAVSVADQEAFRRELLMRRERLLLLLKEAEGNAIDVSGSSSAIPSEHGF	35.62121160563269	12.361462131884084	34.719094636600246	12.336749359885768
C4B63_10g308	C4B63_28g81	MARGRRESSAVAASSSSSKSPPGKKAGRKLPVVKSTSIAAALRQASCDSNESAVIFRGKAGVGVKGQGACTADVQSHLQGSRLRLQQSAPQISFWKGICRPTLLVQALAKTGTLVEAETALLFSNSRVRYPFSALTVERVLTAIQAIVDAAELLRTVGTDGNRAVFSNDAMCQRWRVIRKLIELAEAAVPMKVSLLTGSTTACESVTAGLPPVSLWALNGRLKCLQRLLQLRECHSRILSTLRLCKTRNEVSAALFGPSMIEAATIEPMPGMAYWHQGEQCVIKGLMAEVNDITPCSESWGPSSITPLRVASGSYVLHKHSRVETLACLLRVAEFIGLPPFLRSIRVAGGRSRVFQPQPSKMKSVDDGSLHIYKESLPFLFPSSDDLDPRHFEAPASNHAQLVQEELVKLAGQHCCFGALVGEADQVVALLHESAACLQRRKMASCDERTVAIKVEREEDDGGDRPLQRGVMDASGDDPLRAYAELLLQAAREENSKQNRVRWLCGNRWSPTMSYYALVIAAALPHKTNDVMEAEEDREARRRVDFVASYYVAAILELTRF	MPQWHPSMRGPGTGAEAIYTSAEAAKRSLLKLQPIPSFELYKGAREEELLCYRSVCRVICMRSGGRLTKQQTRILEDLREELCIPTQRADAEMLEALEDVLVSSVAASGVLKRREDFFDGVADVPLEAIHDGERAHDDHSSLYAPPAKVPRKENATAGAAATAATTASTSWRRGVTSKNSQSLLLKTIDKIGHEVNTISGKFLSAVSVADQEAFRRELLMRRERLLLLLKEAEGNAIDVSGSSSAIPSEHGF	75.94710641890327	22.955606495324595	81.83496000423655	44.46907809428768
C4B63_10g308	C4B63_10g308	MARGRRESSAVAASSSSSKSPPGKKAGRKLPVVKSTSIAAALRQASCDSNESAVIFRGKAGVGVKGQGACTADVQSHLQGSRLRLQQSAPQISFWKGICRPTLLVQALAKTGTLVEAETALLFSNSRVRYPFSALTVERVLTAIQAIVDAAELLRTVGTDGNRAVFSNDAMCQRWRVIRKLIELAEAAVPMKVSLLTGSTTACESVTAGLPPVSLWALNGRLKCLQRLLQLRECHSRILSTLRLCKTRNEVSAALFGPSMIEAATIEPMPGMAYWHQGEQCVIKGLMAEVNDITPCSESWGPSSITPLRVASGSYVLHKHSRVETLACLLRVAEFIGLPPFLRSIRVAGGRSRVFQPQPSKMKSVDDGSLHIYKESLPFLFPSSDDLDPRHFEAPASNHAQLVQEELVKLAGQHCCFGALVGEADQVVALLHESAACLQRRKMASCDERTVAIKVEREEDDGGDRPLQRGVMDASGDDPLRAYAELLLQAAREENSKQNRVRWLCGNRWSPTMSYYALVIAAALPHKTNDVMEAEEDREARRRVDFVASYYVAAILELTRF	MARGRRESSAVAASSSSSKSPPGKKAGRKLPVVKSTSIAAALRQASCDSNESAVIFRGKAGVGVKGQGACTADVQSHLQGSRLRLQQSAPQISFWKGICRPTLLVQALAKTGTLVEAETALLFSNSRVRYPFSALTVERVLTAIQAIVDAAELLRTVGTDGNRAVFSNDAMCQRWRVIRKLIELAEAAVPMKVSLLTGSTTACESVTAGLPPVSLWALNGRLKCLQRLLQLRECHSRILSTLRLCKTRNEVSAALFGPSMIEAATIEPMPGMAYWHQGEQCVIKGLMAEVNDITPCSESWGPSSITPLRVASGSYVLHKHSRVETLACLLRVAEFIGLPPFLRSIRVAGGRSRVFQPQPSKMKSVDDGSLHIYKESLPFLFPSSDDLDPRHFEAPASNHAQLVQEELVKLAGQHCCFGALVGEADQVVALLHESAACLQRRKMASCDERTVAIKVEREEDDGGDRPLQRGVMDASGDDPLRAYAELLLQAAREENSKQNRVRWLCGNRWSPTMSYYALVIAAALPHKTNDVMEAEEDREARRRVDFVASYYVAAILELTRF	129.09632762893875	32.9308518262022	120.32942789591563	32.04367494221947
BCY84_19389	C4B63_22g316	MRREDLLQVLLVRFVDPNREEQDWLMIAALFYSLTRLFLSAQRVERLYYKYLQMHGSCAAMKAACKGYEAEIEERLRQRVAGGNSLVASMAMRGRHLSISSPTTSRGAGMLTPSAPAGVAVHSSSGSAECGSLANLFLPSPKGGGCGLDDGSFAGGAALRHLTPEQREHWHRLRQEPISPDFLIALVQRFSLVEGAGVFLAPVHPSTIMEFNGARSGPYGTVVMHPLSLMCIKRRILASRRDYEPRQPEKRASVTEMTVDGGNVTTRKRGRVTAASVVERNELMRKKVSRESGDDDEGVIRTLQELEQAVWHIAANCVVFNAPESYYPFTARTFALACTGIIEEYCMQHLRGA	MEGVDWPPRLLLVLRRHLEQVEHPEFPRTPPFSTNSSRRSVLTFLLDAHDCARRISKLSDSFVDCCRNLVLDIIEQCCASSFLSAKERRVINLLAVQREKRLEGRHGQKRRHNDSDGSPTGTASHKCAAVLPVEYLLRFFMALPSILAHYDKLGGSTMPSAYKQPLWDYVNAILSIMKDLDFFDPTAYIPLK	49.39949794767987	1.6362789936048048	49.70996656764575	1.7076344756744959
BCY84_19389	C4B63_25g289	MRREDLLQVLLVRFVDPNREEQDWLMIAALFYSLTRLFLSAQRVERLYYKYLQMHGSCAAMKAACKGYEAEIEERLRQRVAGGNSLVASMAMRGRHLSISSPTTSRGAGMLTPSAPAGVAVHSSSGSAECGSLANLFLPSPKGGGCGLDDGSFAGGAALRHLTPEQREHWHRLRQEPISPDFLIALVQRFSLVEGAGVFLAPVHPSTIMEFNGARSGPYGTVVMHPLSLMCIKRRILASRRDYEPRQPEKRASVTEMTVDGGNVTTRKRGRVTAASVVERNELMRKKVSRESGDDDEGVIRTLQELEQAVWHIAANCVVFNAPESYYPFTARTFALACTGIIEEYCMQHLRGA	MSVFEARQKVYATLHGTFHAAIVQEVAVDAETGQYLYYVHYVEQDSRMDCWLPASELKERRQGRQASKQQTNKSGGGGITTRGQSRLVAGKEDEVSRGPNTPTSSAKRSNLQNCVKVSTTRARKDSSFFSRPKNIHSICMGPYEVATWYFSPYHLARPQIQQGLKQNAELFSGKMELQLRQENKKSAFQTAVVPTSFVLHICPFCLHPFTAHEDVVRHLQIVCPRHPPGNEIYRDPVRQLVVLEMDAVVEPVFCEHLALLSKLFLEHKALDHDMTPFLFYVLCAVQPHGLEVLGYFSKEKQSPEMYNLSCILVLPQFQSRGIGRFLIELSYELSRREGRIGSPEKPLSDLGEKLYLGYWGDVIVSALARAIEENHCATLEYLVQATYLSQADVLRTLQYLRLLNGTQIVVSEESIERCYSRRLHRERSGKNYVFYPHLLSWSPHMYYELKEQDVAPPIYVTQSEELEQNAASTGQRVF	41.88048572730138	1.5337109550291952	42.155790226186326	2.6877104029717174
BCY84_19389	C4B63_425g10c	MRREDLLQVLLVRFVDPNREEQDWLMIAALFYSLTRLFLSAQRVERLYYKYLQMHGSCAAMKAACKGYEAEIEERLRQRVAGGNSLVASMAMRGRHLSISSPTTSRGAGMLTPSAPAGVAVHSSSGSAECGSLANLFLPSPKGGGCGLDDGSFAGGAALRHLTPEQREHWHRLRQEPISPDFLIALVQRFSLVEGAGVFLAPVHPSTIMEFNGARSGPYGTVVMHPLSLMCIKRRILASRRDYEPRQPEKRASVTEMTVDGGNVTTRKRGRVTAASVVERNELMRKKVSRESGDDDEGVIRTLQELEQAVWHIAANCVVFNAPESYYPFTARTFALACTGIIEEYCMQHLRGA	MRLATSGLKLHESTEREENAGEVAAALIEANSELMTLFFRHIAVCPPHGPFKYYSAITFTERVRRWIAANGSERNVVTLQGLTPTAVLHLMEKYYNTNHLRSWPLLYVPAEIRLKDVLALLGEEK	31.967224196538716	1.7808156832509972	32.108196629148416	1.4248760167669623
BCY84_19389	C4B63_89g383c	MRREDLLQVLLVRFVDPNREEQDWLMIAALFYSLTRLFLSAQRVERLYYKYLQMHGSCAAMKAACKGYEAEIEERLRQRVAGGNSLVASMAMRGRHLSISSPTTSRGAGMLTPSAPAGVAVHSSSGSAECGSLANLFLPSPKGGGCGLDDGSFAGGAALRHLTPEQREHWHRLRQEPISPDFLIALVQRFSLVEGAGVFLAPVHPSTIMEFNGARSGPYGTVVMHPLSLMCIKRRILASRRDYEPRQPEKRASVTEMTVDGGNVTTRKRGRVTAASVVERNELMRKKVSRESGDDDEGVIRTLQELEQAVWHIAANCVVFNAPESYYPFTARTFALACTGIIEEYCMQHLRGA	MPRRRQRNRYDFQRSFDSLKNYYGFPLFSRHSRHLVYSLGLTPYSRRNILSEYRIIGSSREQVVLEVMQTYTPTAPTRQVCDRFLEVAALLSLYYDAVDVLHQIPKG	40.0543164357161	2.1035809166539075	40.41086884120417	1.2258877780844557
BCY84_18670	BCY84_19389	MIHPKLLASQELSLRRITVQQQGFTPPFAGNDANNMSAPINSANASVCSASVPRQSSVRSELTSPLTFNSTGSTFSSIPLNKTVSSSLDPITAGGTNSTAPASIALPKIRVRPEWESALANANPFVFSGQKLHGSQLSTRRRVTVRYVADQYDRQWIAQRETPSNSVTTKGKTGSIDCSTTPSISVLSSSSSSSLRQKISLSLLEDLITAFEVGSYGNPEIPVQRQPVSSFNSVLATGADASVVEEVRQYWLGKRQALGGNIPCIPSIHINVQEDNQVSLCHNDILQLCPLPFNHRDWSIAVLQRRIPNVSEVKLAEADMEVVKTEETGSVGRKRRRCDTDKAMSDELFSAKMMNEETAAKKERHALVSSALKVAQAVLEREEKKLFHTHLTLYELALLRQAAMEGYDSLETGVSTSACTPWASDEALQEDWMDEDEAGTGIYNGVGSGLVAAAVESVMAIDRGSY	MRREDLLQVLLVRFVDPNREEQDWLMIAALFYSLTRLFLSAQRVERLYYKYLQMHGSCAAMKAACKGYEAEIEERLRQRVAGGNSLVASMAMRGRHLSISSPTTSRGAGMLTPSAPAGVAVHSSSGSAECGSLANLFLPSPKGGGCGLDDGSFAGGAALRHLTPEQREHWHRLRQEPISPDFLIALVQRFSLVEGAGVFLAPVHPSTIMEFNGARSGPYGTVVMHPLSLMCIKRRILASRRDYEPRQPEKRASVTEMTVDGGNVTTRKRGRVTAASVVERNELMRKKVSRESGDDDEGVIRTLQELEQAVWHIAANCVVFNAPESYYPFTARTFALACTGIIEEYCMQHLRGA	37.853447390982225	2.0815971142620087	37.545653070196245	0.52073439304408
BCY84_19389	C4B63_46g45	MRREDLLQVLLVRFVDPNREEQDWLMIAALFYSLTRLFLSAQRVERLYYKYLQMHGSCAAMKAACKGYEAEIEERLRQRVAGGNSLVASMAMRGRHLSISSPTTSRGAGMLTPSAPAGVAVHSSSGSAECGSLANLFLPSPKGGGCGLDDGSFAGGAALRHLTPEQREHWHRLRQEPISPDFLIALVQRFSLVEGAGVFLAPVHPSTIMEFNGARSGPYGTVVMHPLSLMCIKRRILASRRDYEPRQPEKRASVTEMTVDGGNVTTRKRGRVTAASVVERNELMRKKVSRESGDDDEGVIRTLQELEQAVWHIAANCVVFNAPESYYPFTARTFALACTGIIEEYCMQHLRGA	MKSRDFHSGRSGDVYREIPRWCLRKIPLLSREEVESIVHMYDDNTGESEAMNEATHSTEATATRPTAVSNTTRQESSLQLRLAGLPMFLQTEALVLRRHEQQYRQYMKELIDLSECITMVCDGTLRHPSPNSASHVTEDSPAARRKKDDALQRMFRRAEELEVCARNAAVERVRSAQRMLLAAAVAKHKKRARREKAHEEEEEDALRVRRRRL	21.050696466274694	1.6081282274485262	20.368724252153967	1.5178726217046652
BCY84_19389	C4B63_24g171	MRREDLLQVLLVRFVDPNREEQDWLMIAALFYSLTRLFLSAQRVERLYYKYLQMHGSCAAMKAACKGYEAEIEERLRQRVAGGNSLVASMAMRGRHLSISSPTTSRGAGMLTPSAPAGVAVHSSSGSAECGSLANLFLPSPKGGGCGLDDGSFAGGAALRHLTPEQREHWHRLRQEPISPDFLIALVQRFSLVEGAGVFLAPVHPSTIMEFNGARSGPYGTVVMHPLSLMCIKRRILASRRDYEPRQPEKRASVTEMTVDGGNVTTRKRGRVTAASVVERNELMRKKVSRESGDDDEGVIRTLQELEQAVWHIAANCVVFNAPESYYPFTARTFALACTGIIEEYCMQHLRGA	MPPKGYVRRAVAAAARRDFGVTTAFTPTAEEEEAIGLPAQLQQLQKRREALESHLETLDLRVYDLETVYLRQYVELGGCLFDGFGLERQQQWGGVTAAAAAGSQAAAYRARLHSFSPSDRVFTASSVGALGTVERLKTMEATGEGKRGGRRKRSRTDI	34.5491591076871	2.4825713405930174	33.36781968216197	3.150478141269339
BCY84_19389	C4B63_30g209	MRREDLLQVLLVRFVDPNREEQDWLMIAALFYSLTRLFLSAQRVERLYYKYLQMHGSCAAMKAACKGYEAEIEERLRQRVAGGNSLVASMAMRGRHLSISSPTTSRGAGMLTPSAPAGVAVHSSSGSAECGSLANLFLPSPKGGGCGLDDGSFAGGAALRHLTPEQREHWHRLRQEPISPDFLIALVQRFSLVEGAGVFLAPVHPSTIMEFNGARSGPYGTVVMHPLSLMCIKRRILASRRDYEPRQPEKRASVTEMTVDGGNVTTRKRGRVTAASVVERNELMRKKVSRESGDDDEGVIRTLQELEQAVWHIAANCVVFNAPESYYPFTARTFALACTGIIEEYCMQHLRGA	MEEFTRVFTIHFDGTVYKSSVDCRVVGTLRELLVKTLPAPLSPPASSAVLPALKDTATWVDGYACSFGGQRLSLAVSTEVAPTTLYVALAARNRVDEKVSASGHADPLKRRRSFSTGNRGRNDNDNGDRDDDNNNNNNSGSSGSSDSESSSSGSSSNGNLNSAIRQRHQSYWHYGTAQNNTGKNSNDNNNSSNCEEAEYGNEEEGEDEDCDEYDDSHGNSVEDWNDGVNDVNAEMFRYDGRQQRAVLPIIVGGVVRLIDIESRDKSHQWTVYIRGLFNETDYLARCIESVQFVLDPSFTPSERIVKTAPFELTEVGWGEFVVKMHVKLRHYPRPVQVALSSSSFASTATHKSEVKVASSLLSSQPMVPLSGISRGPLLSPVVSVLSRHHYHSGTHDKSPSSTTAVTSVNKQWRVVKTEVKVEKDDSKDETSGIYGTESMKPSDVQSPGQPAIMTLGMSPGVVTLSHLLRFSHRPRRFHCIPPLGRPYEPEEHVGYTIVQTPVVTEQYDEIVVPDPPAPILEVTEALPNMFRRRIATVKTARAMAQQQQQQQGPLFGSGAPLGVAAAFNEGGVSCWEYIMQEEPDDAVLAESYLESLEKALSSLVGAQQHGADVFSSASYTTSQQQEQQQLKQQALHGVDAPIVVKLPRGRRKLTGAEIDLAALRTVKKGLVEAIEKMRRELVLRQAAQTYQHYM	52.24106717059452	4.226857399209569	53.11767494674632	2.7163664579538462
C4B63_22g316	C4B63_25g289	MEGVDWPPRLLLVLRRHLEQVEHPEFPRTPPFSTNSSRRSVLTFLLDAHDCARRISKLSDSFVDCCRNLVLDIIEQCCASSFLSAKERRVINLLAVQREKRLEGRHGQKRRHNDSDGSPTGTASHKCAAVLPVEYLLRFFMALPSILAHYDKLGGSTMPSAYKQPLWDYVNAILSIMKDLDFFDPTAYIPLK	MSVFEARQKVYATLHGTFHAAIVQEVAVDAETGQYLYYVHYVEQDSRMDCWLPASELKERRQGRQASKQQTNKSGGGGITTRGQSRLVAGKEDEVSRGPNTPTSSAKRSNLQNCVKVSTTRARKDSSFFSRPKNIHSICMGPYEVATWYFSPYHLARPQIQQGLKQNAELFSGKMELQLRQENKKSAFQTAVVPTSFVLHICPFCLHPFTAHEDVVRHLQIVCPRHPPGNEIYRDPVRQLVVLEMDAVVEPVFCEHLALLSKLFLEHKALDHDMTPFLFYVLCAVQPHGLEVLGYFSKEKQSPEMYNLSCILVLPQFQSRGIGRFLIELSYELSRREGRIGSPEKPLSDLGEKLYLGYWGDVIVSALARAIEENHCATLEYLVQATYLSQADVLRTLQYLRLLNGTQIVVSEESIERCYSRRLHRERSGKNYVFYPHLLSWSPHMYYELKEQDVAPPIYVTQSEELEQNAASTGQRVF	50.82971568682834	1.8750024395126592	50.42464760286475	3.0341533453231477
C4B63_22g316	C4B63_425g10c	MEGVDWPPRLLLVLRRHLEQVEHPEFPRTPPFSTNSSRRSVLTFLLDAHDCARRISKLSDSFVDCCRNLVLDIIEQCCASSFLSAKERRVINLLAVQREKRLEGRHGQKRRHNDSDGSPTGTASHKCAAVLPVEYLLRFFMALPSILAHYDKLGGSTMPSAYKQPLWDYVNAILSIMKDLDFFDPTAYIPLK	MRLATSGLKLHESTEREENAGEVAAALIEANSELMTLFFRHIAVCPPHGPFKYYSAITFTERVRRWIAANGSERNVVTLQGLTPTAVLHLMEKYYNTNHLRSWPLLYVPAEIRLKDVLALLGEEK	19.67694896984442	0.24749799760555227	19.66226982331636	0.1686364787412984
C4B63_22g316	C4B63_89g383c	MEGVDWPPRLLLVLRRHLEQVEHPEFPRTPPFSTNSSRRSVLTFLLDAHDCARRISKLSDSFVDCCRNLVLDIIEQCCASSFLSAKERRVINLLAVQREKRLEGRHGQKRRHNDSDGSPTGTASHKCAAVLPVEYLLRFFMALPSILAHYDKLGGSTMPSAYKQPLWDYVNAILSIMKDLDFFDPTAYIPLK	MPRRRQRNRYDFQRSFDSLKNYYGFPLFSRHSRHLVYSLGLTPYSRRNILSEYRIIGSSREQVVLEVMQTYTPTAPTRQVCDRFLEVAALLSLYYDAVDVLHQIPKG	76.51566289727569	3.731647396517538	77.55446489306908	5.967042654739245
BCY84_18670	C4B63_22g316	MIHPKLLASQELSLRRITVQQQGFTPPFAGNDANNMSAPINSANASVCSASVPRQSSVRSELTSPLTFNSTGSTFSSIPLNKTVSSSLDPITAGGTNSTAPASIALPKIRVRPEWESALANANPFVFSGQKLHGSQLSTRRRVTVRYVADQYDRQWIAQRETPSNSVTTKGKTGSIDCSTTPSISVLSSSSSSSLRQKISLSLLEDLITAFEVGSYGNPEIPVQRQPVSSFNSVLATGADASVVEEVRQYWLGKRQALGGNIPCIPSIHINVQEDNQVSLCHNDILQLCPLPFNHRDWSIAVLQRRIPNVSEVKLAEADMEVVKTEETGSVGRKRRRCDTDKAMSDELFSAKMMNEETAAKKERHALVSSALKVAQAVLEREEKKLFHTHLTLYELALLRQAAMEGYDSLETGVSTSACTPWASDEALQEDWMDEDEAGTGIYNGVGSGLVAAAVESVMAIDRGSY	MEGVDWPPRLLLVLRRHLEQVEHPEFPRTPPFSTNSSRRSVLTFLLDAHDCARRISKLSDSFVDCCRNLVLDIIEQCCASSFLSAKERRVINLLAVQREKRLEGRHGQKRRHNDSDGSPTGTASHKCAAVLPVEYLLRFFMALPSILAHYDKLGGSTMPSAYKQPLWDYVNAILSIMKDLDFFDPTAYIPLK	58.31093472160264	0.9006562503716449	58.24010255073073	0.7130521329279063
C4B63_22g316	C4B63_46g45	MEGVDWPPRLLLVLRRHLEQVEHPEFPRTPPFSTNSSRRSVLTFLLDAHDCARRISKLSDSFVDCCRNLVLDIIEQCCASSFLSAKERRVINLLAVQREKRLEGRHGQKRRHNDSDGSPTGTASHKCAAVLPVEYLLRFFMALPSILAHYDKLGGSTMPSAYKQPLWDYVNAILSIMKDLDFFDPTAYIPLK	MKSRDFHSGRSGDVYREIPRWCLRKIPLLSREEVESIVHMYDDNTGESEAMNEATHSTEATATRPTAVSNTTRQESSLQLRLAGLPMFLQTEALVLRRHEQQYRQYMKELIDLSECITMVCDGTLRHPSPNSASHVTEDSPAARRKKDDALQRMFRRAEELEVCARNAAVERVRSAQRMLLAAAVAKHKKRARREKAHEEEEEDALRVRRRRL	66.24432770644894	1.187213706646508	65.85782711799379	1.0730684991027175
C4B63_22g316	C4B63_24g171	MEGVDWPPRLLLVLRRHLEQVEHPEFPRTPPFSTNSSRRSVLTFLLDAHDCARRISKLSDSFVDCCRNLVLDIIEQCCASSFLSAKERRVINLLAVQREKRLEGRHGQKRRHNDSDGSPTGTASHKCAAVLPVEYLLRFFMALPSILAHYDKLGGSTMPSAYKQPLWDYVNAILSIMKDLDFFDPTAYIPLK	MPPKGYVRRAVAAAARRDFGVTTAFTPTAEEEEAIGLPAQLQQLQKRREALESHLETLDLRVYDLETVYLRQYVELGGCLFDGFGLERQQQWGGVTAAAAAGSQAAAYRARLHSFSPSDRVFTASSVGALGTVERLKTMEATGEGKRGGRRKRSRTDI	80.28492564963604	2.001443045143089	80.25737967508518	1.5151706503857127
C4B63_22g316	C4B63_30g209	MEGVDWPPRLLLVLRRHLEQVEHPEFPRTPPFSTNSSRRSVLTFLLDAHDCARRISKLSDSFVDCCRNLVLDIIEQCCASSFLSAKERRVINLLAVQREKRLEGRHGQKRRHNDSDGSPTGTASHKCAAVLPVEYLLRFFMALPSILAHYDKLGGSTMPSAYKQPLWDYVNAILSIMKDLDFFDPTAYIPLK	MEEFTRVFTIHFDGTVYKSSVDCRVVGTLRELLVKTLPAPLSPPASSAVLPALKDTATWVDGYACSFGGQRLSLAVSTEVAPTTLYVALAARNRVDEKVSASGHADPLKRRRSFSTGNRGRNDNDNGDRDDDNNNNNNSGSSGSSDSESSSSGSSSNGNLNSAIRQRHQSYWHYGTAQNNTGKNSNDNNNSSNCEEAEYGNEEEGEDEDCDEYDDSHGNSVEDWNDGVNDVNAEMFRYDGRQQRAVLPIIVGGVVRLIDIESRDKSHQWTVYIRGLFNETDYLARCIESVQFVLDPSFTPSERIVKTAPFELTEVGWGEFVVKMHVKLRHYPRPVQVALSSSSFASTATHKSEVKVASSLLSSQPMVPLSGISRGPLLSPVVSVLSRHHYHSGTHDKSPSSTTAVTSVNKQWRVVKTEVKVEKDDSKDETSGIYGTESMKPSDVQSPGQPAIMTLGMSPGVVTLSHLLRFSHRPRRFHCIPPLGRPYEPEEHVGYTIVQTPVVTEQYDEIVVPDPPAPILEVTEALPNMFRRRIATVKTARAMAQQQQQQQGPLFGSGAPLGVAAAFNEGGVSCWEYIMQEEPDDAVLAESYLESLEKALSSLVGAQQHGADVFSSASYTTSQQQEQQQLKQQALHGVDAPIVVKLPRGRRKLTGAEIDLAALRTVKKGLVEAIEKMRRELVLRQAAQTYQHYM	91.75231218310306	4.452257159299195	93.48021052196931	0.4690203048189545
C4B63_25g289	C4B63_425g10c	MSVFEARQKVYATLHGTFHAAIVQEVAVDAETGQYLYYVHYVEQDSRMDCWLPASELKERRQGRQASKQQTNKSGGGGITTRGQSRLVAGKEDEVSRGPNTPTSSAKRSNLQNCVKVSTTRARKDSSFFSRPKNIHSICMGPYEVATWYFSPYHLARPQIQQGLKQNAELFSGKMELQLRQENKKSAFQTAVVPTSFVLHICPFCLHPFTAHEDVVRHLQIVCPRHPPGNEIYRDPVRQLVVLEMDAVVEPVFCEHLALLSKLFLEHKALDHDMTPFLFYVLCAVQPHGLEVLGYFSKEKQSPEMYNLSCILVLPQFQSRGIGRFLIELSYELSRREGRIGSPEKPLSDLGEKLYLGYWGDVIVSALARAIEENHCATLEYLVQATYLSQADVLRTLQYLRLLNGTQIVVSEESIERCYSRRLHRERSGKNYVFYPHLLSWSPHMYYELKEQDVAPPIYVTQSEELEQNAASTGQRVF	MRLATSGLKLHESTEREENAGEVAAALIEANSELMTLFFRHIAVCPPHGPFKYYSAITFTERVRRWIAANGSERNVVTLQGLTPTAVLHLMEKYYNTNHLRSWPLLYVPAEIRLKDVLALLGEEK	48.03701049255899	1.8819898803114823	48.25292269266781	2.761468446068079
C4B63_25g289	C4B63_89g383c	MSVFEARQKVYATLHGTFHAAIVQEVAVDAETGQYLYYVHYVEQDSRMDCWLPASELKERRQGRQASKQQTNKSGGGGITTRGQSRLVAGKEDEVSRGPNTPTSSAKRSNLQNCVKVSTTRARKDSSFFSRPKNIHSICMGPYEVATWYFSPYHLARPQIQQGLKQNAELFSGKMELQLRQENKKSAFQTAVVPTSFVLHICPFCLHPFTAHEDVVRHLQIVCPRHPPGNEIYRDPVRQLVVLEMDAVVEPVFCEHLALLSKLFLEHKALDHDMTPFLFYVLCAVQPHGLEVLGYFSKEKQSPEMYNLSCILVLPQFQSRGIGRFLIELSYELSRREGRIGSPEKPLSDLGEKLYLGYWGDVIVSALARAIEENHCATLEYLVQATYLSQADVLRTLQYLRLLNGTQIVVSEESIERCYSRRLHRERSGKNYVFYPHLLSWSPHMYYELKEQDVAPPIYVTQSEELEQNAASTGQRVF	MPRRRQRNRYDFQRSFDSLKNYYGFPLFSRHSRHLVYSLGLTPYSRRNILSEYRIIGSSREQVVLEVMQTYTPTAPTRQVCDRFLEVAALLSLYYDAVDVLHQIPKG	53.20249051017508	0.9187434958057981	53.266232742314735	0.36564855289364573
BCY84_18670	C4B63_25g289	MIHPKLLASQELSLRRITVQQQGFTPPFAGNDANNMSAPINSANASVCSASVPRQSSVRSELTSPLTFNSTGSTFSSIPLNKTVSSSLDPITAGGTNSTAPASIALPKIRVRPEWESALANANPFVFSGQKLHGSQLSTRRRVTVRYVADQYDRQWIAQRETPSNSVTTKGKTGSIDCSTTPSISVLSSSSSSSLRQKISLSLLEDLITAFEVGSYGNPEIPVQRQPVSSFNSVLATGADASVVEEVRQYWLGKRQALGGNIPCIPSIHINVQEDNQVSLCHNDILQLCPLPFNHRDWSIAVLQRRIPNVSEVKLAEADMEVVKTEETGSVGRKRRRCDTDKAMSDELFSAKMMNEETAAKKERHALVSSALKVAQAVLEREEKKLFHTHLTLYELALLRQAAMEGYDSLETGVSTSACTPWASDEALQEDWMDEDEAGTGIYNGVGSGLVAAAVESVMAIDRGSY	MSVFEARQKVYATLHGTFHAAIVQEVAVDAETGQYLYYVHYVEQDSRMDCWLPASELKERRQGRQASKQQTNKSGGGGITTRGQSRLVAGKEDEVSRGPNTPTSSAKRSNLQNCVKVSTTRARKDSSFFSRPKNIHSICMGPYEVATWYFSPYHLARPQIQQGLKQNAELFSGKMELQLRQENKKSAFQTAVVPTSFVLHICPFCLHPFTAHEDVVRHLQIVCPRHPPGNEIYRDPVRQLVVLEMDAVVEPVFCEHLALLSKLFLEHKALDHDMTPFLFYVLCAVQPHGLEVLGYFSKEKQSPEMYNLSCILVLPQFQSRGIGRFLIELSYELSRREGRIGSPEKPLSDLGEKLYLGYWGDVIVSALARAIEENHCATLEYLVQATYLSQADVLRTLQYLRLLNGTQIVVSEESIERCYSRRLHRERSGKNYVFYPHLLSWSPHMYYELKEQDVAPPIYVTQSEELEQNAASTGQRVF	15.826192665692073	2.1639419552168664	15.173785279268136	1.3320916936726235
C4B63_25g289	C4B63_46g45	MSVFEARQKVYATLHGTFHAAIVQEVAVDAETGQYLYYVHYVEQDSRMDCWLPASELKERRQGRQASKQQTNKSGGGGITTRGQSRLVAGKEDEVSRGPNTPTSSAKRSNLQNCVKVSTTRARKDSSFFSRPKNIHSICMGPYEVATWYFSPYHLARPQIQQGLKQNAELFSGKMELQLRQENKKSAFQTAVVPTSFVLHICPFCLHPFTAHEDVVRHLQIVCPRHPPGNEIYRDPVRQLVVLEMDAVVEPVFCEHLALLSKLFLEHKALDHDMTPFLFYVLCAVQPHGLEVLGYFSKEKQSPEMYNLSCILVLPQFQSRGIGRFLIELSYELSRREGRIGSPEKPLSDLGEKLYLGYWGDVIVSALARAIEENHCATLEYLVQATYLSQADVLRTLQYLRLLNGTQIVVSEESIERCYSRRLHRERSGKNYVFYPHLLSWSPHMYYELKEQDVAPPIYVTQSEELEQNAASTGQRVF	MKSRDFHSGRSGDVYREIPRWCLRKIPLLSREEVESIVHMYDDNTGESEAMNEATHSTEATATRPTAVSNTTRQESSLQLRLAGLPMFLQTEALVLRRHEQQYRQYMKELIDLSECITMVCDGTLRHPSPNSASHVTEDSPAARRKKDDALQRMFRRAEELEVCARNAAVERVRSAQRMLLAAAVAKHKKRARREKAHEEEEEDALRVRRRRL	42.597502194218904	2.026893156920781	42.65212597111476	1.9280177090025958
C4B63_24g171	C4B63_25g289	MPPKGYVRRAVAAAARRDFGVTTAFTPTAEEEEAIGLPAQLQQLQKRREALESHLETLDLRVYDLETVYLRQYVELGGCLFDGFGLERQQQWGGVTAAAAAGSQAAAYRARLHSFSPSDRVFTASSVGALGTVERLKTMEATGEGKRGGRRKRSRTDI	MSVFEARQKVYATLHGTFHAAIVQEVAVDAETGQYLYYVHYVEQDSRMDCWLPASELKERRQGRQASKQQTNKSGGGGITTRGQSRLVAGKEDEVSRGPNTPTSSAKRSNLQNCVKVSTTRARKDSSFFSRPKNIHSICMGPYEVATWYFSPYHLARPQIQQGLKQNAELFSGKMELQLRQENKKSAFQTAVVPTSFVLHICPFCLHPFTAHEDVVRHLQIVCPRHPPGNEIYRDPVRQLVVLEMDAVVEPVFCEHLALLSKLFLEHKALDHDMTPFLFYVLCAVQPHGLEVLGYFSKEKQSPEMYNLSCILVLPQFQSRGIGRFLIELSYELSRREGRIGSPEKPLSDLGEKLYLGYWGDVIVSALARAIEENHCATLEYLVQATYLSQADVLRTLQYLRLLNGTQIVVSEESIERCYSRRLHRERSGKNYVFYPHLLSWSPHMYYELKEQDVAPPIYVTQSEELEQNAASTGQRVF	51.421883863703464	2.042427703850064	50.9537602989792	3.198704881788096
C4B63_25g289	C4B63_30g209	MSVFEARQKVYATLHGTFHAAIVQEVAVDAETGQYLYYVHYVEQDSRMDCWLPASELKERRQGRQASKQQTNKSGGGGITTRGQSRLVAGKEDEVSRGPNTPTSSAKRSNLQNCVKVSTTRARKDSSFFSRPKNIHSICMGPYEVATWYFSPYHLARPQIQQGLKQNAELFSGKMELQLRQENKKSAFQTAVVPTSFVLHICPFCLHPFTAHEDVVRHLQIVCPRHPPGNEIYRDPVRQLVVLEMDAVVEPVFCEHLALLSKLFLEHKALDHDMTPFLFYVLCAVQPHGLEVLGYFSKEKQSPEMYNLSCILVLPQFQSRGIGRFLIELSYELSRREGRIGSPEKPLSDLGEKLYLGYWGDVIVSALARAIEENHCATLEYLVQATYLSQADVLRTLQYLRLLNGTQIVVSEESIERCYSRRLHRERSGKNYVFYPHLLSWSPHMYYELKEQDVAPPIYVTQSEELEQNAASTGQRVF	MEEFTRVFTIHFDGTVYKSSVDCRVVGTLRELLVKTLPAPLSPPASSAVLPALKDTATWVDGYACSFGGQRLSLAVSTEVAPTTLYVALAARNRVDEKVSASGHADPLKRRRSFSTGNRGRNDNDNGDRDDDNNNNNNSGSSGSSDSESSSSGSSSNGNLNSAIRQRHQSYWHYGTAQNNTGKNSNDNNNSSNCEEAEYGNEEEGEDEDCDEYDDSHGNSVEDWNDGVNDVNAEMFRYDGRQQRAVLPIIVGGVVRLIDIESRDKSHQWTVYIRGLFNETDYLARCIESVQFVLDPSFTPSERIVKTAPFELTEVGWGEFVVKMHVKLRHYPRPVQVALSSSSFASTATHKSEVKVASSLLSSQPMVPLSGISRGPLLSPVVSVLSRHHYHSGTHDKSPSSTTAVTSVNKQWRVVKTEVKVEKDDSKDETSGIYGTESMKPSDVQSPGQPAIMTLGMSPGVVTLSHLLRFSHRPRRFHCIPPLGRPYEPEEHVGYTIVQTPVVTEQYDEIVVPDPPAPILEVTEALPNMFRRRIATVKTARAMAQQQQQQQGPLFGSGAPLGVAAAFNEGGVSCWEYIMQEEPDDAVLAESYLESLEKALSSLVGAQQHGADVFSSASYTTSQQQEQQQLKQQALHGVDAPIVVKLPRGRRKLTGAEIDLAALRTVKKGLVEAIEKMRRELVLRQAAQTYQHYM	56.462282127626295	2.8264863969175043	57.25011508309861	2.2182411419398775
C4B63_425g10c	C4B63_89g383c	MRLATSGLKLHESTEREENAGEVAAALIEANSELMTLFFRHIAVCPPHGPFKYYSAITFTERVRRWIAANGSERNVVTLQGLTPTAVLHLMEKYYNTNHLRSWPLLYVPAEIRLKDVLALLGEEK	MPRRRQRNRYDFQRSFDSLKNYYGFPLFSRHSRHLVYSLGLTPYSRRNILSEYRIIGSSREQVVLEVMQTYTPTAPTRQVCDRFLEVAALLSLYYDAVDVLHQIPKG	62.19164360663268	3.0663388437118377	62.8000242277209	4.760596335402077
BCY84_18670	C4B63_425g10c	MIHPKLLASQELSLRRITVQQQGFTPPFAGNDANNMSAPINSANASVCSASVPRQSSVRSELTSPLTFNSTGSTFSSIPLNKTVSSSLDPITAGGTNSTAPASIALPKIRVRPEWESALANANPFVFSGQKLHGSQLSTRRRVTVRYVADQYDRQWIAQRETPSNSVTTKGKTGSIDCSTTPSISVLSSSSSSSLRQKISLSLLEDLITAFEVGSYGNPEIPVQRQPVSSFNSVLATGADASVVEEVRQYWLGKRQALGGNIPCIPSIHINVQEDNQVSLCHNDILQLCPLPFNHRDWSIAVLQRRIPNVSEVKLAEADMEVVKTEETGSVGRKRRRCDTDKAMSDELFSAKMMNEETAAKKERHALVSSALKVAQAVLEREEKKLFHTHLTLYELALLRQAAMEGYDSLETGVSTSACTPWASDEALQEDWMDEDEAGTGIYNGVGSGLVAAAVESVMAIDRGSY	MRLATSGLKLHESTEREENAGEVAAALIEANSELMTLFFRHIAVCPPHGPFKYYSAITFTERVRRWIAANGSERNVVTLQGLTPTAVLHLMEKYYNTNHLRSWPLLYVPAEIRLKDVLALLGEEK	51.900173052170736	1.2099919134562669	51.38296486895638	1.538759002866719
C4B63_425g10c	C4B63_46g45	MRLATSGLKLHESTEREENAGEVAAALIEANSELMTLFFRHIAVCPPHGPFKYYSAITFTERVRRWIAANGSERNVVTLQGLTPTAVLHLMEKYYNTNHLRSWPLLYVPAEIRLKDVLALLGEEK	MKSRDFHSGRSGDVYREIPRWCLRKIPLLSREEVESIVHMYDDNTGESEAMNEATHSTEATATRPTAVSNTTRQESSLQLRLAGLPMFLQTEALVLRRHEQQYRQYMKELIDLSECITMVCDGTLRHPSPNSASHVTEDSPAARRKKDDALQRMFRRAEELEVCARNAAVERVRSAQRMLLAAAVAKHKKRARREKAHEEEEEDALRVRRRRL	51.023497126526046	0.9326882892319708	50.46639517966282	1.0055673479593565
C4B63_24g171	C4B63_425g10c	MPPKGYVRRAVAAAARRDFGVTTAFTPTAEEEEAIGLPAQLQQLQKRREALESHLETLDLRVYDLETVYLRQYVELGGCLFDGFGLERQQQWGGVTAAAAAGSQAAAYRARLHSFSPSDRVFTASSVGALGTVERLKTMEATGEGKRGGRRKRSRTDI	MRLATSGLKLHESTEREENAGEVAAALIEANSELMTLFFRHIAVCPPHGPFKYYSAITFTERVRRWIAANGSERNVVTLQGLTPTAVLHLMEKYYNTNHLRSWPLLYVPAEIRLKDVLALLGEEK	64.66966124409109	2.28806220827707	65.20275197855885	1.3487865292124042
C4B63_30g209	C4B63_425g10c	MEEFTRVFTIHFDGTVYKSSVDCRVVGTLRELLVKTLPAPLSPPASSAVLPALKDTATWVDGYACSFGGQRLSLAVSTEVAPTTLYVALAARNRVDEKVSASGHADPLKRRRSFSTGNRGRNDNDNGDRDDDNNNNNNSGSSGSSDSESSSSGSSSNGNLNSAIRQRHQSYWHYGTAQNNTGKNSNDNNNSSNCEEAEYGNEEEGEDEDCDEYDDSHGNSVEDWNDGVNDVNAEMFRYDGRQQRAVLPIIVGGVVRLIDIESRDKSHQWTVYIRGLFNETDYLARCIESVQFVLDPSFTPSERIVKTAPFELTEVGWGEFVVKMHVKLRHYPRPVQVALSSSSFASTATHKSEVKVASSLLSSQPMVPLSGISRGPLLSPVVSVLSRHHYHSGTHDKSPSSTTAVTSVNKQWRVVKTEVKVEKDDSKDETSGIYGTESMKPSDVQSPGQPAIMTLGMSPGVVTLSHLLRFSHRPRRFHCIPPLGRPYEPEEHVGYTIVQTPVVTEQYDEIVVPDPPAPILEVTEALPNMFRRRIATVKTARAMAQQQQQQQGPLFGSGAPLGVAAAFNEGGVSCWEYIMQEEPDDAVLAESYLESLEKALSSLVGAQQHGADVFSSASYTTSQQQEQQQLKQQALHGVDAPIVVKLPRGRRKLTGAEIDLAALRTVKKGLVEAIEKMRRELVLRQAAQTYQHYM	MRLATSGLKLHESTEREENAGEVAAALIEANSELMTLFFRHIAVCPPHGPFKYYSAITFTERVRRWIAANGSERNVVTLQGLTPTAVLHLMEKYYNTNHLRSWPLLYVPAEIRLKDVLALLGEEK	78.41508169078449	4.320777451445646	80.11565538669713	1.0189766026781513
BCY84_18670	C4B63_89g383c	MIHPKLLASQELSLRRITVQQQGFTPPFAGNDANNMSAPINSANASVCSASVPRQSSVRSELTSPLTFNSTGSTFSSIPLNKTVSSSLDPITAGGTNSTAPASIALPKIRVRPEWESALANANPFVFSGQKLHGSQLSTRRRVTVRYVADQYDRQWIAQRETPSNSVTTKGKTGSIDCSTTPSISVLSSSSSSSLRQKISLSLLEDLITAFEVGSYGNPEIPVQRQPVSSFNSVLATGADASVVEEVRQYWLGKRQALGGNIPCIPSIHINVQEDNQVSLCHNDILQLCPLPFNHRDWSIAVLQRRIPNVSEVKLAEADMEVVKTEETGSVGRKRRRCDTDKAMSDELFSAKMMNEETAAKKERHALVSSALKVAQAVLEREEKKLFHTHLTLYELALLRQAAMEGYDSLETGVSTSACTPWASDEALQEDWMDEDEAGTGIYNGVGSGLVAAAVESVMAIDRGSY	MPRRRQRNRYDFQRSFDSLKNYYGFPLFSRHSRHLVYSLGLTPYSRRNILSEYRIIGSSREQVVLEVMQTYTPTAPTRQVCDRFLEVAALLSLYYDAVDVLHQIPKG	51.8343264612216	5.678699658101424	53.36091180618763	6.411469874239181
C4B63_46g45	C4B63_89g383c	MKSRDFHSGRSGDVYREIPRWCLRKIPLLSREEVESIVHMYDDNTGESEAMNEATHSTEATATRPTAVSNTTRQESSLQLRLAGLPMFLQTEALVLRRHEQQYRQYMKELIDLSECITMVCDGTLRHPSPNSASHVTEDSPAARRKKDDALQRMFRRAEELEVCARNAAVERVRSAQRMLLAAAVAKHKKRARREKAHEEEEEDALRVRRRRL	MPRRRQRNRYDFQRSFDSLKNYYGFPLFSRHSRHLVYSLGLTPYSRRNILSEYRIIGSSREQVVLEVMQTYTPTAPTRQVCDRFLEVAALLSLYYDAVDVLHQIPKG	41.29432658373002	2.0583703190783638	40.480567528385016	0.9554116364561906
C4B63_24g171	C4B63_89g383c	MPPKGYVRRAVAAAARRDFGVTTAFTPTAEEEEAIGLPAQLQQLQKRREALESHLETLDLRVYDLETVYLRQYVELGGCLFDGFGLERQQQWGGVTAAAAAGSQAAAYRARLHSFSPSDRVFTASSVGALGTVERLKTMEATGEGKRGGRRKRSRTDI	MPRRRQRNRYDFQRSFDSLKNYYGFPLFSRHSRHLVYSLGLTPYSRRNILSEYRIIGSSREQVVLEVMQTYTPTAPTRQVCDRFLEVAALLSLYYDAVDVLHQIPKG	24.118624625154617	4.001660511614451	25.00061923988115	2.4889144630905022
C4B63_30g209	C4B63_89g383c	MEEFTRVFTIHFDGTVYKSSVDCRVVGTLRELLVKTLPAPLSPPASSAVLPALKDTATWVDGYACSFGGQRLSLAVSTEVAPTTLYVALAARNRVDEKVSASGHADPLKRRRSFSTGNRGRNDNDNGDRDDDNNNNNNSGSSGSSDSESSSSGSSSNGNLNSAIRQRHQSYWHYGTAQNNTGKNSNDNNNSSNCEEAEYGNEEEGEDEDCDEYDDSHGNSVEDWNDGVNDVNAEMFRYDGRQQRAVLPIIVGGVVRLIDIESRDKSHQWTVYIRGLFNETDYLARCIESVQFVLDPSFTPSERIVKTAPFELTEVGWGEFVVKMHVKLRHYPRPVQVALSSSSFASTATHKSEVKVASSLLSSQPMVPLSGISRGPLLSPVVSVLSRHHYHSGTHDKSPSSTTAVTSVNKQWRVVKTEVKVEKDDSKDETSGIYGTESMKPSDVQSPGQPAIMTLGMSPGVVTLSHLLRFSHRPRRFHCIPPLGRPYEPEEHVGYTIVQTPVVTEQYDEIVVPDPPAPILEVTEALPNMFRRRIATVKTARAMAQQQQQQQGPLFGSGAPLGVAAAFNEGGVSCWEYIMQEEPDDAVLAESYLESLEKALSSLVGAQQHGADVFSSASYTTSQQQEQQQLKQQALHGVDAPIVVKLPRGRRKLTGAEIDLAALRTVKKGLVEAIEKMRRELVLRQAAQTYQHYM	MPRRRQRNRYDFQRSFDSLKNYYGFPLFSRHSRHLVYSLGLTPYSRRNILSEYRIIGSSREQVVLEVMQTYTPTAPTRQVCDRFLEVAALLSLYYDAVDVLHQIPKG	22.976515012231754	5.2279791676657705	24.441583893726882	6.263344139027751
BCY84_18670	C4B63_46g45	MIHPKLLASQELSLRRITVQQQGFTPPFAGNDANNMSAPINSANASVCSASVPRQSSVRSELTSPLTFNSTGSTFSSIPLNKTVSSSLDPITAGGTNSTAPASIALPKIRVRPEWESALANANPFVFSGQKLHGSQLSTRRRVTVRYVADQYDRQWIAQRETPSNSVTTKGKTGSIDCSTTPSISVLSSSSSSSLRQKISLSLLEDLITAFEVGSYGNPEIPVQRQPVSSFNSVLATGADASVVEEVRQYWLGKRQALGGNIPCIPSIHINVQEDNQVSLCHNDILQLCPLPFNHRDWSIAVLQRRIPNVSEVKLAEADMEVVKTEETGSVGRKRRRCDTDKAMSDELFSAKMMNEETAAKKERHALVSSALKVAQAVLEREEKKLFHTHLTLYELALLRQAAMEGYDSLETGVSTSACTPWASDEALQEDWMDEDEAGTGIYNGVGSGLVAAAVESVMAIDRGSY	MKSRDFHSGRSGDVYREIPRWCLRKIPLLSREEVESIVHMYDDNTGESEAMNEATHSTEATATRPTAVSNTTRQESSLQLRLAGLPMFLQTEALVLRRHEQQYRQYMKELIDLSECITMVCDGTLRHPSPNSASHVTEDSPAARRKKDDALQRMFRRAEELEVCARNAAVERVRSAQRMLLAAAVAKHKKRARREKAHEEEEEDALRVRRRRL	32.244249876748576	3.6087332879589047	31.23805581687358	1.771434180201382
BCY84_18670	C4B63_24g171	MIHPKLLASQELSLRRITVQQQGFTPPFAGNDANNMSAPINSANASVCSASVPRQSSVRSELTSPLTFNSTGSTFSSIPLNKTVSSSLDPITAGGTNSTAPASIALPKIRVRPEWESALANANPFVFSGQKLHGSQLSTRRRVTVRYVADQYDRQWIAQRETPSNSVTTKGKTGSIDCSTTPSISVLSSSSSSSLRQKISLSLLEDLITAFEVGSYGNPEIPVQRQPVSSFNSVLATGADASVVEEVRQYWLGKRQALGGNIPCIPSIHINVQEDNQVSLCHNDILQLCPLPFNHRDWSIAVLQRRIPNVSEVKLAEADMEVVKTEETGSVGRKRRRCDTDKAMSDELFSAKMMNEETAAKKERHALVSSALKVAQAVLEREEKKLFHTHLTLYELALLRQAAMEGYDSLETGVSTSACTPWASDEALQEDWMDEDEAGTGIYNGVGSGLVAAAVESVMAIDRGSY	MPPKGYVRRAVAAAARRDFGVTTAFTPTAEEEEAIGLPAQLQQLQKRREALESHLETLDLRVYDLETVYLRQYVELGGCLFDGFGLERQQQWGGVTAAAAAGSQAAAYRARLHSFSPSDRVFTASSVGALGTVERLKTMEATGEGKRGGRRKRSRTDI	43.65451671128734	4.1016727665651596	43.300750800397914	1.622809086179494
BCY84_18670	C4B63_30g209	MIHPKLLASQELSLRRITVQQQGFTPPFAGNDANNMSAPINSANASVCSASVPRQSSVRSELTSPLTFNSTGSTFSSIPLNKTVSSSLDPITAGGTNSTAPASIALPKIRVRPEWESALANANPFVFSGQKLHGSQLSTRRRVTVRYVADQYDRQWIAQRETPSNSVTTKGKTGSIDCSTTPSISVLSSSSSSSLRQKISLSLLEDLITAFEVGSYGNPEIPVQRQPVSSFNSVLATGADASVVEEVRQYWLGKRQALGGNIPCIPSIHINVQEDNQVSLCHNDILQLCPLPFNHRDWSIAVLQRRIPNVSEVKLAEADMEVVKTEETGSVGRKRRRCDTDKAMSDELFSAKMMNEETAAKKERHALVSSALKVAQAVLEREEKKLFHTHLTLYELALLRQAAMEGYDSLETGVSTSACTPWASDEALQEDWMDEDEAGTGIYNGVGSGLVAAAVESVMAIDRGSY	MEEFTRVFTIHFDGTVYKSSVDCRVVGTLRELLVKTLPAPLSPPASSAVLPALKDTATWVDGYACSFGGQRLSLAVSTEVAPTTLYVALAARNRVDEKVSASGHADPLKRRRSFSTGNRGRNDNDNGDRDDDNNNNNNSGSSGSSDSESSSSGSSSNGNLNSAIRQRHQSYWHYGTAQNNTGKNSNDNNNSSNCEEAEYGNEEEGEDEDCDEYDDSHGNSVEDWNDGVNDVNAEMFRYDGRQQRAVLPIIVGGVVRLIDIESRDKSHQWTVYIRGLFNETDYLARCIESVQFVLDPSFTPSERIVKTAPFELTEVGWGEFVVKMHVKLRHYPRPVQVALSSSSFASTATHKSEVKVASSLLSSQPMVPLSGISRGPLLSPVVSVLSRHHYHSGTHDKSPSSTTAVTSVNKQWRVVKTEVKVEKDDSKDETSGIYGTESMKPSDVQSPGQPAIMTLGMSPGVVTLSHLLRFSHRPRRFHCIPPLGRPYEPEEHVGYTIVQTPVVTEQYDEIVVPDPPAPILEVTEALPNMFRRRIATVKTARAMAQQQQQQQGPLFGSGAPLGVAAAFNEGGVSCWEYIMQEEPDDAVLAESYLESLEKALSSLVGAQQHGADVFSSASYTTSQQQEQQQLKQQALHGVDAPIVVKLPRGRRKLTGAEIDLAALRTVKKGLVEAIEKMRRELVLRQAAQTYQHYM	51.86512119780859	5.502143262361103	53.925699699616516	8.84942779429673
C4B63_24g171	C4B63_46g45	MPPKGYVRRAVAAAARRDFGVTTAFTPTAEEEEAIGLPAQLQQLQKRREALESHLETLDLRVYDLETVYLRQYVELGGCLFDGFGLERQQQWGGVTAAAAAGSQAAAYRARLHSFSPSDRVFTASSVGALGTVERLKTMEATGEGKRGGRRKRSRTDI	MKSRDFHSGRSGDVYREIPRWCLRKIPLLSREEVESIVHMYDDNTGESEAMNEATHSTEATATRPTAVSNTTRQESSLQLRLAGLPMFLQTEALVLRRHEQQYRQYMKELIDLSECITMVCDGTLRHPSPNSASHVTEDSPAARRKKDDALQRMFRRAEELEVCARNAAVERVRSAQRMLLAAAVAKHKKRARREKAHEEEEEDALRVRRRRL	24.077889758206027	4.281373514770472	21.28079150678171	7.117311628321257
C4B63_30g209	C4B63_46g45	MEEFTRVFTIHFDGTVYKSSVDCRVVGTLRELLVKTLPAPLSPPASSAVLPALKDTATWVDGYACSFGGQRLSLAVSTEVAPTTLYVALAARNRVDEKVSASGHADPLKRRRSFSTGNRGRNDNDNGDRDDDNNNNNNSGSSGSSDSESSSSGSSSNGNLNSAIRQRHQSYWHYGTAQNNTGKNSNDNNNSSNCEEAEYGNEEEGEDEDCDEYDDSHGNSVEDWNDGVNDVNAEMFRYDGRQQRAVLPIIVGGVVRLIDIESRDKSHQWTVYIRGLFNETDYLARCIESVQFVLDPSFTPSERIVKTAPFELTEVGWGEFVVKMHVKLRHYPRPVQVALSSSSFASTATHKSEVKVASSLLSSQPMVPLSGISRGPLLSPVVSVLSRHHYHSGTHDKSPSSTTAVTSVNKQWRVVKTEVKVEKDDSKDETSGIYGTESMKPSDVQSPGQPAIMTLGMSPGVVTLSHLLRFSHRPRRFHCIPPLGRPYEPEEHVGYTIVQTPVVTEQYDEIVVPDPPAPILEVTEALPNMFRRRIATVKTARAMAQQQQQQQGPLFGSGAPLGVAAAFNEGGVSCWEYIMQEEPDDAVLAESYLESLEKALSSLVGAQQHGADVFSSASYTTSQQQEQQQLKQQALHGVDAPIVVKLPRGRRKLTGAEIDLAALRTVKKGLVEAIEKMRRELVLRQAAQTYQHYM	MKSRDFHSGRSGDVYREIPRWCLRKIPLLSREEVESIVHMYDDNTGESEAMNEATHSTEATATRPTAVSNTTRQESSLQLRLAGLPMFLQTEALVLRRHEQQYRQYMKELIDLSECITMVCDGTLRHPSPNSASHVTEDSPAARRKKDDALQRMFRRAEELEVCARNAAVERVRSAQRMLLAAAVAKHKKRARREKAHEEEEEDALRVRRRRL	43.69319590958011	1.3381974310199123	43.83827783327075	0.677113389128003
C4B63_24g171	C4B63_30g209	MPPKGYVRRAVAAAARRDFGVTTAFTPTAEEEEAIGLPAQLQQLQKRREALESHLETLDLRVYDLETVYLRQYVELGGCLFDGFGLERQQQWGGVTAAAAAGSQAAAYRARLHSFSPSDRVFTASSVGALGTVERLKTMEATGEGKRGGRRKRSRTDI	MEEFTRVFTIHFDGTVYKSSVDCRVVGTLRELLVKTLPAPLSPPASSAVLPALKDTATWVDGYACSFGGQRLSLAVSTEVAPTTLYVALAARNRVDEKVSASGHADPLKRRRSFSTGNRGRNDNDNGDRDDDNNNNNNSGSSGSSDSESSSSGSSSNGNLNSAIRQRHQSYWHYGTAQNNTGKNSNDNNNSSNCEEAEYGNEEEGEDEDCDEYDDSHGNSVEDWNDGVNDVNAEMFRYDGRQQRAVLPIIVGGVVRLIDIESRDKSHQWTVYIRGLFNETDYLARCIESVQFVLDPSFTPSERIVKTAPFELTEVGWGEFVVKMHVKLRHYPRPVQVALSSSSFASTATHKSEVKVASSLLSSQPMVPLSGISRGPLLSPVVSVLSRHHYHSGTHDKSPSSTTAVTSVNKQWRVVKTEVKVEKDDSKDETSGIYGTESMKPSDVQSPGQPAIMTLGMSPGVVTLSHLLRFSHRPRRFHCIPPLGRPYEPEEHVGYTIVQTPVVTEQYDEIVVPDPPAPILEVTEALPNMFRRRIATVKTARAMAQQQQQQQGPLFGSGAPLGVAAAFNEGGVSCWEYIMQEEPDDAVLAESYLESLEKALSSLVGAQQHGADVFSSASYTTSQQQEQQQLKQQALHGVDAPIVVKLPRGRRKLTGAEIDLAALRTVKKGLVEAIEKMRRELVLRQAAQTYQHYM	22.86003969797284	3.950066983318398	24.491481169594106	5.531649343556488
